<window type="dialog">
    <coordinates>
        <left>0</left>
        <top>0</top>
        <width>1920</width>
        <height>1080</height>
    </coordinates>

    <controls>
        <!-- Background -->
        <control type="group">
            <top>0</top>
            <left>0</left>
            <width>1920</width>
            <height>1080</height>

            <!-- Fallback -->
            <control type="image">
                <texture background="true">jtk_fanart.png</texture>
                <visible>String.IsEmpty(Window().Property(info.fanart))</visible>
            </control>

            <!-- Fanart -->
            <control type="image">
                <texture background="true">$INFO[Window().Property(info.fanart)]</texture>
                <visible>!String.IsEmpty(Window().Property(info.fanart))</visible>
            </control>

            <!-- Overlay -->
            <control type="image">
                <texture background="true">white.png</texture>
                <colordiffuse>CC000000</colordiffuse>
            </control>
        </control>

        <control type="group">
            <top>250</top> <!-- Center vertically with additional height for Clearlogo -->
            <left>685</left> <!-- Center horizontally: (1920 - 550) / 2 -->
            <width>550</width>
            <height>400</height> <!-- Increased height to accommodate Clearlogo -->
            
            <!-- Clearlogo -->
            <control type="image">
                <top>0</top>
                <left>80</left> <!-- Centered horizontally: (550 - 400) / 2 -->
                <width>400</width>
                <height>200</height>
                <align>center</align>
                <texture>$INFO[Window().Property(info.clearlogo)]</texture>
                <visible>!String.IsEmpty(Window().Property(info.clearlogo))</visible>
            </control>

            <!-- Plot -->
            <control type="label">
                <top>200</top> <!-- Position below Clearlogo -->
                <left>0</left>
                <width>600</width>
                <height>200</height>
                <wrapmultiline>true</wrapmultiline>
                <font>font14</font>
                <textcolor>FFDDDDDD</textcolor>
                <align>center</align>
                <aligny>center</aligny>
                <label>$INFO[Window().Property(info.plot)]</label>
            </control>
        </control>

        <control type="group">
            <top>700</top> <!-- Positioned below the plot -->
            <left>900</left> <!-- Centered within group: (550 - 150) / 2 -->
            <width>200</width>
            <height>200</height> 

            <!-- Outer Spinner -->
            <control type="image">
                <visible>String.IsEqual(Window.Property(enable_busy_spinner),true)</visible>
                <width>150</width>
                <height>150</height>
                <texture flipx="true" colordiffuse="66FAFAFA">spinner.png</texture>
                <animation effect="rotate" end="360" center="auto" time="2400" loop="true" reversible="false" condition="true">OuterRotation</animation>
            </control>

            <!-- Inner Spinner -->
            <control type="image">
                <width>100</width> <!-- Slightly smaller than the outer spinner -->
                <height>100</height>
                <top>25</top>
                <left>25</left>
                <texture flipx="true" colordiffuse="66FAFAFA">spinner.png</texture>
                <animation effect="rotate" end="-360" center="auto" time="2400" loop="true" reversible="false" condition="true">InnerRotation</animation>
            </control>
        </control>

    </controls>
</window>


<!-- Busy Spinner
<control type="image">
    <visible>String.IsEqual(Window.Property(enable_busy_spinner),true)</visible>
    <top>280</top> <!-- Positioned below the plot -->
    <left>200</left> <!-- Centered within group: (550 - 150) / 2 -->
    <width>150</width>
    <height>150</height>
    <texture flipx="true" colordiffuse="66FAFAFA">spinner.png</texture>
    <animation effect="fade" time="320" delay="400">Visible</animation>
    <animation effect="rotate" end="360" center="auto" time="2400" loop="true" reversible="false" condition="true">Conditional</animation>
    <animation effect="fade" start="70" time="1200" condition="true" pulse="true">Conditional</animation>
</control> -->