<window type="dialog">
    <coordinates>
        <left>600</left>
        <top>300</top>
        <width>800</width>
        <height>400</height>
    </coordinates>

    <defaultcontrol always="true">32503</defaultcontrol>
    <animation type="WindowOpen" reversible="false">
        <effect type="zoom" start="80" end="100" center="50%,50%" delay="160" tween="back" time="240"/>
        <effect type="fade" delay="160" end="100" time="240"/>
    </animation>
    <animation type="WindowClose" reversible="false">
        <effect type="zoom" start="100" end="80" center="50%,50%" easing="in" tween="back" time="240"/>
        <effect type="fade" start="100" end="0" time="240"/>
    </animation>
    <depth>0.40</depth>

    <controls>
        <control type="group">
            <width>800</width>
            <height>400</height>

            <!-- Background -->
            <control type="image">
                <texture>white.png</texture>
                <colordiffuse>CC000000</colordiffuse>
            </control>
            <!-- Window Title -->
            <control type="label" id="32500">
                <font>font14</font>
                <align>center</align>
                <textcolor>white</textcolor>
                <shadowcolor>AA000000</shadowcolor>
            </control>
            <!-- Text Body -->
            <control type="label" id="32501">
                <font>font14</font>
                <align>center</align>
                <aligny>center</aligny>
                <textcolor>white</textcolor>
                <shadowcolor>AA000000</shadowcolor>
                <wrap>true</wrap> 
            </control>
            <!-- Close button -->
            <control type="button" id="32503">
                <left>745</left>
                <width>50</width>
                <height>50</height>
                <texturefocus colordiffuse="FF12A0C7">Button/close.png</texturefocus>
                <texturenofocus colordiffuse="EEFFFFFF">Button/close.png</texturenofocus>
            </control>
        </control>
    </controls>
</window>

