<?xml version="1.0" encoding="UTF-8" standalone="yes"?>
<addon id="script.jacktook.burst" name="Jacktook [COLOR FFFF6B00]Burst[/COLOR]" version="0.0.86" provider-name="Sam-Max">
    <requires>
        <import addon="xbmc.addon" version="16.0.0" />
        <import addon="plugin.video.jacktook" optional="true"/>
        <import addon="script.module.kodi-six" />
        <import addon="script.module.requests" />
        <import addon="script.module.future" version="0.16.0.4"/>
    </requires>
    <extension point="xbmc.python.script" library="burst.py">
        <provides>executable</provides>
    </extension>
    <extension point="xbmc.addon.metadata">
        <summary lang="en">Jacktook Burst a torrents provider, fork of Elementum Burst</summary>
        <description lang="en">Jacktook Burst is a lean and mean multi-provider for Jacktook.</description>
        <disclaimer lang="en">The author does not host or distribute any of the content displayed by this addon. The author does not have any affiliation with the content providers.</disclaimer>
        <license>WTFPL, Version 2, December 2004. See included LICENSE.</license>
        <source>https://github.com/Sam-Max/script.jacktook.burst</source>
        <forum>TODO</forum>
        <assets>
            <icon>icon.png</icon>
            <fanart>fanart.jpg</fanart>
        </assets>
    </extension>
</addon>
